epoch,train_loss,val_loss
1,0.22694635422025408,0.15365633138363272
