epoch,train_loss,val_loss
1,0.22694635422025408,0.15365633138363272
1,0.184306222211974,0.1538054104608328
2,0.15111483744961876,0.1499685697391019
3,0.15038298292160035,0.14961814092720124
4,0.15021301824092864,0.14988019802121275
5,0.1500249734892164,0.14931270278634268
