epoch,train_loss,val_loss
1,0.1690526937639512,0.16317260458298294
2,0.1633369648335125,0.16215401143997954
