epoch,train_loss,val_loss
1,0.20518693149051861,0.18140000823228483
2,0.1767869189414808,0.17143806338589201
3,0.16831569167714483,0.16549642258519873
