epoch,train_loss,val_loss
1,0.3354991544511467,0.3139162123482992
2,0.3127727382910886,0.31035347636344085
